inchi,pred_rt
"InChI=1S/C6H9N3O2/c7-5(6(10)11)1-4-2-8-3-9-4/h2-3,5H,1,7H2,(H,8,9)(H,10,11)",112.26236724853516
"InChI=1S/C11H15N5O3S/c1-20-2-5-7(17)8(18)11(19-5)16-4-15-6-9(12)13-3-14-10(6)16/h3-5,7-8,11,17-18H,2H2,1H3,(H2,12,13,14)",52.797584533691406
"InChI=1S/C4H8N2O3/c5-4(9)6-2-1-3(7)8/h1-2H2,(H,7,8)(H3,5,6,9)",66.07852935791016
"InChI=1S/C39H70O5/c1-3-5-7-9-11-13-15-17-19-21-23-25-27-29-31-33-38(41)43-36-37(35-40)44-39(42)34-32-30-28-26-24-22-20-18-16-14-12-10-8-6-4-2/h11,13,17-20,37,40H,3-10,12,14-16,21-36H2,1-2H3",22.74346923828125
"InChI=1S/C26H43NO6S/c1-16(4-7-23(30)27-12-13-34(31,32)33)19-5-6-20-24-21(9-11-26(19,20)3)25(2)10-8-18(28)14-17(25)15-22(24)29/h9,11,16-22,24,28-29H,4-8,10,12-15H2,1-3H3,(H,27,30)(H,31,32,33)",73.22843933105469
"InChI=1S/C11H23NO2/c1-10(2)7-9(14)8-11(3,4)12(10)5-6-13/h9,13-14H,5-8H2,1-4H3",40.602691650390625
"InChI=1S/C40H80NO8P/c1-6-8-10-12-14-16-18-19-20-21-23-24-26-28-30-32-39(42)46-36-38(37-48-50(44,45)47-35-34-41(3,4)5)49-40(43)33-31-29-27-25-22-17-15-13-11-9-7-2/h38H,6-37H2,1-5H3",54.71603775024414
"InChI=1S/C7H11N3O/c1-6(11)9-3-2-7-4-8-5-10-7/h4-5H,2-3H2,1H3,(H,8,10)(H,9,11)",60.47936248779297
"InChI=1S/C37H70O5/c1-3-5-7-9-11-13-15-17-18-20-22-24-26-28-30-32-37(40)42-35(33-38)34-41-36(39)31-29-27-25-23-21-19-16-14-12-10-8-6-4-2/h17-18,35,38H,3-16,19-34H2,1-2H3",21.67902374267578
"InChI=1S/C6H6O5S/c7-5-1-3-6(4-2-5)11-12(8,9)10/h1-4,7H,(H,8,9,10)",28.02849769592285
"InChI=1S/C46H82NO7P/c1-6-8-10-12-14-16-18-20-22-23-24-25-26-27-29-31-33-35-37-39-46(48)54-45(44-53-55(49,50)52-42-40-47(3,4)5)43-51-41-38-36-34-32-30-28-21-19-17-15-13-11-9-7-2/h8,10,14,16,20,22,24-25,27,29,33,35,45H,6-7,9,11-13,15,17-19,21,23,26,28,30-32,34,36-44H2,1-5H3",45.888240814208984
"InChI=1S/C8H15NO6/c1-4(12)9-5(2-10)7(14)8(15)6(13)3-11/h2,5-8,11,13-15H,3H2,1H3,(H,9,12)",97.92841339111328
"InChI=1S/C6H12N2O3/c1-3(7)5(9)8-4(2)6(10)11/h3-4H,7H2,1-2H3,(H,8,9)(H,10,11)",113.20237731933594
"InChI=1S/C7H19N3/c8-4-1-2-6-10-7-3-5-9/h10H,1-9H2",130.7125701904297
"InChI=1S/C6H13O9P/c7-1-2-3(8)4(9)5(10)6(14-2)15-16(11,12)13/h2-10H,1H2,(H2,11,12,13)",90.2880630493164
"InChI=1S/C18H26O7/c1-8(2)10-6-5-7-11(9(3)4)15(10)24-18-14(21)12(19)13(20)16(25-18)17(22)23/h5-9,12-14,16,18-21H,1-4H3,(H,22,23)",72.63903045654297
"InChI=1S/C13H8F2O3/c14-8-2-3-9(11(15)6-8)7-1-4-12(16)10(5-7)13(17)18/h1-6,16H,(H,17,18)",15.22635269165039
"InChI=1S/C4H5N3O2S/c1-7-4(10)5-2(8)3(9)6-7/h1H3,(H,6,9)(H,5,8,10)",53.550148010253906
"InChI=1S/C17H18FN3O6S/c18-13-7-11-14(21(10-1-2-10)9-12(16(11)22)17(23)24)8-15(13)19-3-5-20(6-4-19)28(25,26)27/h7-10H,1-6H2,(H,23,24)(H,25,26,27)",49.30079650878906
"InChI=1S/C18H33NO4/c1-5-6-7-8-9-10-11-12-13-18(22)23-16(14-17(20)21)15-19(2,3)4/h10-11,16H,5-9,12-15H2,1-4H3/p+1",67.57322692871094
"InChI=1S/C46H82NO8P/c1-6-8-10-12-14-16-18-20-22-23-25-27-29-31-33-35-37-39-46(49)55-44(43-54-56(50,51)53-41-40-47(3,4)5)42-52-45(48)38-36-34-32-30-28-26-24-21-19-17-15-13-11-9-7-2/h14,16,20-22,24-25,27,31,33,44H,6-13,15,17-19,23,26,28-30,32,34-43H2,1-5H3/b16-14-,22-20-,24-21-,27-25-,33-31-/t44-/m1/s1",47.38975143432617
"InChI=1S/C36H68NO7P/c1-6-8-10-12-14-16-17-18-19-20-22-24-26-28-31-41-33-35(34-43-45(39,40)42-32-30-37(3,4)5)44-36(38)29-27-25-23-21-15-13-11-9-7-2/h7,9,13,15,23,25,35H,6,8,10-12,14,16-22,24,26-34H2,1-5H3/p+1",70.80810546875
"InChI=1S/C24H40O6S/c1-15(4-9-22(25)26)19-7-8-20-18-6-5-16-14-17(30-31(27,28)29)10-12-23(16,2)21(18)11-13-24(19,20)3/h15-21H,4-14H2,1-3H3,(H,25,26)(H,27,28,29)",34.125579833984375
"InChI=1S/C4H9O7P/c5-1-3(6)4(7)2-11-12(8,9)10/h1,3-4,6-7H,2H2,(H2,8,9,10)",102.04998016357422
"InChI=1S/C6H7N/c1-6-2-4-7-5-3-6/h2-5H,1H3",27.75398063659668
"InChI=1S/C11H12N2O3/c12-8(11(15)16)5-7-6-3-1-2-4-9(6)13-10(7)14/h1-4,8,13-14H,5,12H2,(H,15,16)",89.61394500732422
"InChI=1S/C2H8NO4P/c3-1-2-7-8(4,5)6/h1-3H2,(H2,4,5,6)",106.09596252441406
"InChI=1S/C7H16N2/c1-2-9-5-3-4-7(8)6-9/h7H,2-6,8H2,1H3",94.74075317382812
"InChI=1S/C6H6N4O2/c1-10-5(11)3-4(8-2-7-3)9-6(10)12/h2H,1H3,(H,7,8)(H,9,12)",48.08277893066406
"InChI=1S/C44H80NO8P/c1-6-8-10-12-14-16-18-20-21-22-23-25-27-29-31-33-35-37-44(47)53-42(41-52-54(48,49)51-39-38-45(3,4)5)40-50-43(46)36-34-32-30-28-26-24-19-17-15-13-11-9-7-2/h14,16,20-21,23,25,29,31,42H,6-13,15,17-19,22,24,26-28,30,32-41H2,1-5H3",51.43041229248047
"InChI=1S/C14H30O3S/c1-3-5-7-9-11-13-14(18(15,16)17)12-10-8-6-4-2/h14H,3-13H2,1-2H3,(H,15,16,17)",16.272029876708984
"InChI=1S/C43H78NO8P/c1-3-5-7-9-11-13-15-17-19-20-22-24-26-28-30-32-34-36-43(46)52-41(40-51-53(47,48)50-38-37-44)39-49-42(45)35-33-31-29-27-25-23-21-18-16-14-12-10-8-6-4-2/h11,13,17,19,22,24,28,30,41H,3-10,12,14-16,18,20-21,23,25-27,29,31-40,44H2,1-2H3,(H,47,48)",51.741859436035156
"InChI=1S/C8H18N2O2/c1-10(2)6-4-3-5-7(9)8(11)12/h7H,3-6,9H2,1-2H3,(H,11,12)",106.74469757080078
"InChI=1S/C5H5N5/c6-4-3-5(9-1-7-3)10-2-8-4/h1-2H,(H3,6,7,8,9,10)",58.533050537109375
"InChI=1S/C10H13NO3/c1-2-13-10(12)9-7-5-3-4-6-8(7)14-11-9/h2-6H2,1H3",8.248528480529785
"InChI=1S/C26H43NO7S/c1-15(4-7-23(31)27-10-11-35(32,33)34)18-5-6-19-24-20(14-22(30)26(18,19)3)25(2)9-8-17(28)12-16(25)13-21(24)29/h15-21,24,28-29H,4-14H2,1-3H3,(H,27,31)(H,32,33,34)",72.63654327392578
"InChI=1S/C3H7NO2/c4-2-1-3(5)6/h1-2,4H2,(H,5,6)",82.83019256591797
"InChI=1S/C9H9NO2/c11-9(10-12)7-6-8-4-2-1-3-5-8/h1-7,12H,(H,10,11)",21.383535385131836
"InChI=1S/C7H6O5/c8-4-2-6(10)5(9)1-3(4)7(11)12/h1-2,8-10H,(H,11,12)",48.14103698730469
"InChI=1S/C8H14N2O4/c11-4-6(8(13)14)10-7(12)5-2-1-3-9-5/h5-6,9,11H,1-4H2,(H,10,12)(H,13,14)",130.79891967773438
"InChI=1S/C42H84NO7P/c1-6-8-10-12-14-16-18-20-22-23-25-27-29-31-33-35-42(44)50-41(40-49-51(45,46)48-38-36-43(3,4)5)39-47-37-34-32-30-28-26-24-21-19-17-15-13-11-9-7-2/h20,22,41H,6-19,21,23-40H2,1-5H3",48.35736846923828
"InChI=1S/C9H10O3/c10-8-3-1-2-7(6-8)4-5-9(11)12/h1-3,6,10H,4-5H2,(H,11,12)",22.617870330810547
"InChI=1S/C6H10O2/c1-3-4-5(2)6(7)8/h3,5H,1,4H2,2H3,(H,7,8)",14.302539825439453
"InChI=1S/C40H75O10P/c1-3-5-7-9-11-13-15-17-18-20-22-24-26-28-30-32-40(44)50-38(36-49-51(45,46)48-34-37(42)33-41)35-47-39(43)31-29-27-25-23-21-19-16-14-12-10-8-6-4-2/h11,13,17-18,37-38,41-42H,3-10,12,14-16,19-36H2,1-2H3,(H,45,46)",43.08530044555664
"InChI=1S/C17H38N/c1-5-6-7-8-9-10-11-12-13-14-15-16-17-18(2,3)4/h5-17H2,1-4H3/q+1",36.200870513916016
"InChI=1S/C12H26O3S/c1-2-3-4-5-6-7-8-9-10-11-12-16(13,14)15/h2-12H2,1H3,(H,13,14,15)",22.750268936157227
"InChI=1S/C5H9NO3/c7-3-1-4(5(8)9)6-2-3/h3-4,6-7H,1-2H2,(H,8,9)",106.12609100341797
"InChI=1S/C4H6O6/c5-1(3(7)8)2(6)4(9)10/h1-2,5-6H,(H,7,8)(H,9,10)",108.74156951904297
"InChI=1S/C8H11N3O3/c1-5(12)11-7(8(13)14)2-6-3-9-4-10-6/h3-4,7H,2H2,1H3,(H,9,10)(H,11,12)(H,13,14)",100.43400573730469
"InChI=1S/C42H82NO8P/c1-6-8-10-12-14-16-18-20-21-23-24-26-28-30-32-34-41(44)48-38-40(39-50-52(46,47)49-37-36-43(3,4)5)51-42(45)35-33-31-29-27-25-22-19-17-15-13-11-9-7-2/h20-21,40H,6-19,22-39H2,1-5H3",52.62805938720703
"InChI=1S/C43H84NO8P/c1-6-8-10-12-14-16-18-20-22-24-26-28-30-32-34-36-43(46)52-41(40-51-53(47,48)50-38-37-44(3,4)5)39-49-42(45)35-33-31-29-27-25-23-21-19-17-15-13-11-9-7-2/h20,22,41H,6-19,21,23-40H2,1-5H3/b22-20-/t41-/m1/s1",49.38042068481445
"InChI=1S/C17H33NO4/c1-5-6-7-8-9-10-11-12-17(21)22-15(13-16(19)20)14-18(2,3)4/h15H,5-14H2,1-4H3",67.30548858642578
"InChI=1S/C5H8O5/c1-5(10,4(8)9)2-3(6)7/h10H,2H2,1H3,(H,6,7)(H,8,9)",85.1611099243164
"InChI=1S/C8H15NO9S/c1-4(12)9-5(2-10)7(14)8(6(13)3-11)18-19(15,16)17/h2,5-8,11,13-14H,3H2,1H3,(H,9,12)(H,15,16,17)",109.9354019165039
"InChI=1S/C6H11NO4/c1-11-6(10)4(7)2-3-5(8)9/h4H,2-3,7H2,1H3,(H,8,9)",95.34966278076172
"InChI=1S/C9H10O6S/c10-9(11)5-4-7-2-1-3-8(6-7)15-16(12,13)14/h1-3,6H,4-5H2,(H,10,11)(H,12,13,14)",30.86656951904297
"InChI=1S/C11H20N2O5/c1-6(2)5-8(11(17)18)13-9(14)4-3-7(12)10(15)16/h6-8H,3-5,12H2,1-2H3,(H,13,14)(H,15,16)(H,17,18)",122.7923812866211
"InChI=1S/C4H7N3O/c1-7-2-3(8)6-4(7)5/h2H2,1H3,(H2,5,6,8)",69.751708984375
"InChI=1S/C12H22O11/c13-1-3-5(15)7(17)8(18)12(22-3)23-10-6(16)4(2-14)21-11(20)9(10)19/h3-20H,1-2H2",104.36514282226562
"InChI=1S/C46H88NO8P/c1-6-8-10-12-14-16-18-20-22-23-25-27-29-31-33-35-37-39-46(49)55-44(43-54-56(50,51)53-41-40-47(3,4)5)42-52-45(48)38-36-34-32-30-28-26-24-21-19-17-15-13-11-9-7-2/h16-19,44H,6-15,20-43H2,1-5H3/b18-16-,19-17-/t44-/m1/s1",46.026912689208984
"InChI=1S/C19H24O4/c20-16-7-1-14(2-8-16)5-11-18(22)13-19(23)12-6-15-3-9-17(21)10-4-15/h1-4,7-10,18-23H,5-6,11-13H2",27.850910186767578
"InChI=1S/C10H9NO5S/c12-9(13)5-7-6-3-1-2-4-8(6)11-10(7)17(14,15)16/h1-4,7H,5H2,(H,12,13)(H,14,15,16)",28.79237174987793
"InChI=1S/C24H40O5/c1-13(4-7-19(26)27)15-5-6-16-20-17(9-11-23(15,16)2)24(3)10-8-14(25)12-18(24)21(28)22(20)29/h13-18,20-22,25,28-29H,4-12H2,1-3H3,(H,26,27)",49.58066940307617
"InChI=1S/C23H38O4/c1-2-3-4-5-6-7-8-9-10-11-12-13-14-15-16-17-18-19-23(26)27-22(20-24)21-25/h6-7,9-10,12-13,15-16,22,24-25H,2-5,8,11,14,17-21H2,1H3",15.01683235168457
"InChI=1S/C6H10O7/c7-1-2(8)3(9)4(10)5(11)6(12)13/h1-5,8-11H,(H,12,13)",121.92908477783203
"InChI=1S/C4H4N2O2/c7-3-1-2-5-4(8)6-3/h1-2H,(H2,5,6,7,8)",61.85595703125
"InChI=1S/C45H78O10/c1-3-5-7-9-11-13-15-17-18-19-20-22-24-26-28-30-32-34-41(48)54-38(37-53-45-44(51)43(50)42(49)39(35-46)55-45)36-52-40(47)33-31-29-27-25-23-21-16-14-12-10-8-6-4-2/h5,7,11,13,17-18,20,22,38-39,42-46,49-51H,3-4,6,8-10,12,14-16,19,21,23-37H2,1-2H3",30.342491149902344
"InChI=1S/C24H29NO9/c1-25-8-7-24-11-4-6-14(32-23-18(28)16(26)17(27)20(34-23)22(29)30)21(24)33-19-13(31-2)5-3-10(15(19)24)9-12(11)25/h3-6,11-12,14,16-18,20-21,23,26-28H,7-9H2,1-2H3,(H,29,30)",114.39749908447266
"InChI=1S/C12H20N4O3/c1-7(2)3-10(12(18)19)16-11(17)9(13)4-8-5-14-6-15-8/h5-7,9-10H,3-4,13H2,1-2H3,(H,14,15)(H,16,17)(H,18,19)",124.90380096435547
"InChI=1S/C10H26N4/c11-5-3-9-13-7-1-2-8-14-10-4-6-12/h13-14H,1-12H2",165.76513671875
"InChI=1S/C11H20N2O3/c1-3-7(2)9(11(15)16)13-10(14)8-5-4-6-12-8/h7-9,12H,3-6H2,1-2H3,(H,13,14)(H,15,16)",102.32727813720703
"InChI=1S/C11H9NO3/c13-10(11(14)15)5-7-6-12-9-4-2-1-3-8(7)9/h1-4,6,12H,5H2,(H,14,15)",32.94419860839844
"InChI=1S/C12H9F3N2O2/c1-7-10(6-16-19-7)11(18)17-9-4-2-8(3-5-9)12(13,14)15/h2-6H,1H3,(H,17,18)",11.684081077575684
"InChI=1S/C18H30O3S/c1-2-3-4-5-6-7-8-9-10-11-12-17-13-15-18(16-14-17)22(19,20)21/h13-16H,2-12H2,1H3,(H,19,20,21)",12.298101425170898
"InChI=1S/C16H33NO3/c1-2-3-4-5-6-7-8-9-10-11-16(20)17(12-14-18)13-15-19/h18-19H,2-15H2,1H3",11.353470802307129
"InChI=1S/C5H9NO3/c1-3(5(8)9)6-4(2)7/h3H,1-2H3,(H,6,7)(H,8,9)",74.63831329345703
"InChI=1S/C4H6N2/c1-4-2-3-5-6-4/h2-3H,1H3,(H,5,6)",32.2042236328125
"InChI=1S/C44H76NO10P/c1-3-5-7-9-11-13-15-17-19-20-22-24-26-28-30-32-34-36-43(47)55-40(38-53-56(50,51)54-39-41(45)44(48)49)37-52-42(46)35-33-31-29-27-25-23-21-18-16-14-12-10-8-6-4-2/h11,13,17-19,21-22,24,28,30,40-41H,3-10,12,14-16,20,23,25-27,29,31-39,45H2,1-2H3,(H,48,49)(H,50,51)/b13-11-,19-17-,21-18-,24-22-,30-28-/t40-,41+/m1/s1",69.49954986572266
"InChI=1S/C33H42N4O6/c1-7-20-19(6)32(42)37-27(20)14-25-18(5)23(10-12-31(40)41)29(35-25)15-28-22(9-11-30(38)39)17(4)24(34-28)13-26-16(3)21(8-2)33(43)36-26/h8,26-27,34-35H,2,7,9-15H2,1,3-6H3,(H,36,43)(H,37,42)(H,38,39)(H,40,41)",68.00800323486328
"InChI=1S/C6H7NO/c8-5-6-2-1-3-7-4-6/h1-4,8H,5H2",35.316001892089844
"InChI=1S/C12H22O11/c13-1-4-6(16)7(17)8(18)11(21-4)22-9-5(2-14)23-12(20,3-15)10(9)19/h4-11,13-20H,1-3H2",120.37908172607422
"InChI=1S/C32H39NO4/c1-31(2,30(35)36)25-17-15-24(16-18-25)29(34)14-9-21-33-22-19-28(20-23-33)32(37,26-10-5-3-6-11-26)27-12-7-4-8-13-27/h3-8,10-13,15-18,28-29,34,37H,9,14,19-23H2,1-2H3,(H,35,36)",31.37107276916504
"InChI=1S/C6H14N2O/c1-6(9)8-5-3-2-4-7/h2-5,7H2,1H3,(H,8,9)",68.20720672607422
"InChI=1S/C8H8O7S/c1-14-5-2-3-7(15-16(11,12)13)6(4-5)8(9)10/h2-4H,1H3,(H,9,10)(H,11,12,13)",35.28984451293945
"InChI=1S/C11H12O5/c1-15-8-5-7(3-4-10(12)13)6-9(16-2)11(8)14/h3-6,14H,1-2H3,(H,12,13)",19.63164710998535
"InChI=1S/C14H34N4/c1-3-15-11-7-13-17-9-5-6-10-18-14-8-12-16-4-2/h15-18H,3-14H2,1-2H3",136.17694091796875
"InChI=1S/C7H8O3S/c1-6-2-4-7(5-3-6)11(8,9)10/h2-5H,1H3,(H,8,9,10)",15.323994636535645
"InChI=1S/C11H21NO4/c1-8(2)11(15)16-9(6-10(13)14)7-12(3,4)5/h8-9H,6-7H2,1-5H3",77.97461700439453
"InChI=1S/C5H10O3/c6-2-5-1-4(7)3-8-5/h4-7H,1-3H2",25.28485107421875
"InChI=1S/C6H9N3O/c1-4-8-2-5(3-10)6(7)9-4/h2,10H,3H2,1H3,(H2,7,8,9)",74.3689193725586
"InChI=1S/C46H84NO8P/c1-6-8-10-12-14-16-18-20-22-23-25-27-29-31-33-35-37-39-46(49)55-44(43-54-56(50,51)53-41-40-47(3,4)5)42-52-45(48)38-36-34-32-30-28-26-24-21-19-17-15-13-11-9-7-2/h14,16,20,22,25,27,31,33,44H,6-13,15,17-19,21,23-24,26,28-30,32,34-43H2,1-5H3",48.89701843261719
"InChI=1S/C42H76NO8P/c1-6-8-10-12-14-16-18-20-21-23-25-27-29-31-33-35-42(45)51-40(39-50-52(46,47)49-37-36-43(3,4)5)38-48-41(44)34-32-30-28-26-24-22-19-17-15-13-11-9-7-2/h28-35,40H,6-27,36-39H2,1-5H3/b30-28+,31-29+,34-32+,35-33+/t40-/m1/s1",54.46686553955078
"InChI=1S/C41H83N2O6P/c1-6-8-10-12-14-16-18-20-21-23-25-27-29-31-33-35-41(45)42-39(38-49-50(46,47)48-37-36-43(3,4)5)40(44)34-32-30-28-26-24-22-19-17-15-13-11-9-7-2/h32,34,39-40,44H,6-31,33,35-38H2,1-5H3,(H-,42,45,46,47)",72.57848358154297
"InChI=1S/C4H8O5/c5-1-2(6)3(7)4(8)9/h2-3,5-7H,1H2,(H,8,9)",95.43605041503906
"InChI=1S/C32H38O18/c1-43-15-4-2-14(3-5-15)17-8-44-19-7-16(6-18(34)21(19)22(17)35)49-28-25(38)24(37)23(36)20(50-28)9-45-29-27(40)32(42,12-47-29)13-48-30-26(39)31(41,10-33)11-46-30/h2-8,20,23-30,33-34,36-42H,9-13H2,1H3",112.95506286621094
"InChI=1S/C5H10O3/c1-5(2,8)3-4(6)7/h8H,3H2,1-2H3,(H,6,7)",50.07704162597656
"InChI=1S/C7H10O5/c8-5(7(11)12)3-1-2-4-6(9)10/h1-4H2,(H,9,10)(H,11,12)",43.27177429199219
"InChI=1S/C8H15N3O3/c1-11(2)8(9)10-5-3-4-6(12)7(13)14/h3-5H2,1-2H3,(H2,9,10)(H,13,14)",88.32091522216797
"InChI=1S/C10H8O3S/c11-14(12,13)10-6-5-8-3-1-2-4-9(8)7-10/h1-7H,(H,11,12,13)",13.431974411010742
"InChI=1S/C25H47NO4/c1-5-6-7-8-9-10-11-12-13-14-15-16-17-18-19-20-25(29)30-23(21-24(27)28)22-26(2,3)4/h12-13,23H,5-11,14-22H2,1-4H3",58.108299255371094
"InChI=1S/C8H11NO2/c9-5-8(11)6-1-3-7(10)4-2-6/h1-4,8,10-11H,5,9H2",71.96263885498047
"InChI=1S/C40H78NO8P/c1-6-8-10-12-14-16-18-19-20-21-23-24-26-28-30-32-39(42)46-36-38(37-48-50(44,45)47-35-34-41(3,4)5)49-40(43)33-31-29-27-25-22-17-15-13-11-9-7-2/h19-20,38H,6-18,21-37H2,1-5H3",55.16146469116211
"InChI=1S/C7H6O4/c8-4-1-2-6(9)5(3-4)7(10)11/h1-3,8-9H,(H,10,11)",33.38960266113281
"InChI=1S/C8H9NO3/c1-5(10)9-6-2-3-7(11)8(12)4-6/h2-4,11-12H,1H3,(H,9,10)",44.98528289794922
"InChI=1S/C12H21NO6/c1-13(2,3)8-9(7-11(16)17)19-12(18)6-4-5-10(14)15/h9H,4-8H2,1-3H3,(H-,14,15,16,17)",99.37909698486328
"InChI=1S/C6H10O5/c1-6(11,2-4(7)8)3-5(9)10/h11H,2-3H2,1H3,(H,7,8)(H,9,10)",72.29882049560547
"InChI=1S/C4H12N2/c1-4(2,6)3-5/h3,5-6H2,1-2H3",109.2412338256836
"InChI=1S/C3H6N6/c4-1-7-2(5)9-3(6)8-1/h(H6,4,5,6,7,8,9)",84.3877944946289
"InChI=1S/C19H38O4/c1-2-3-4-5-6-7-8-9-10-11-12-13-14-15-19(22)23-18(16-20)17-21/h18,20-21H,2-17H2,1H3",13.188549995422363
"InChI=1S/C10H21NO2/c11-9-7-5-3-1-2-4-6-8-10(12)13/h1-9,11H2,(H,12,13)",44.764060974121094
"InChI=1S/C6H6N4O/c1-11-6-4-5(8-2-7-4)9-3-10-6/h2-3H,1H3,(H,7,8,9,10)",36.06150436401367
"InChI=1S/C6H11NO2/c8-6(9)5-3-1-2-4-7-5/h5,7H,1-4H2,(H,8,9)",90.38953399658203
"InChI=1S/C11H15N5O5/c1-15-9(20)5-8(14-11(15)12)16(3-13-5)10-7(19)6(18)4(2-17)21-10/h3-4,6-7,10,17-19H,2H2,1H3,(H2,12,14)",88.79747009277344
"InChI=1S/C19H17ClFN3O5S/c1-7-10(12(23-29-7)11-8(20)5-4-6-9(11)21)15(25)22-13-16(26)24-14(18(27)28)19(2,3)30-17(13)24/h4-6,13-14,17H,1-3H3,(H,22,25)(H,27,28)",30.991846084594727
"InChI=1S/C8H9NO2/c1-6(10)9-7-4-2-3-5-8(7)11/h2-5,11H,1H3,(H,9,10)",27.037412643432617
"InChI=1S/C5H6N2/c1-5-2-3-6-4-7-5/h2-4H,1H3",37.74900817871094
"InChI=1S/C23H48N2O/c1-4-5-6-7-8-9-10-11-12-13-14-15-16-17-18-20-23(26)24-21-19-22-25(2)3/h4-22H2,1-3H3,(H,24,26)",28.830350875854492
"InChI=1S/C6H5NO2/c8-6(9)5-3-1-2-4-7-5/h1-4H,(H,8,9)",35.14328384399414
"InChI=1S/C6H10O4/c1-4(6(9)10)2-3-5(7)8/h4H,2-3H2,1H3,(H,7,8)(H,9,10)",34.801692962646484
"InChI=1S/C35H68O5/c1-3-5-7-9-11-13-15-17-19-21-23-25-27-29-34(37)39-32-33(31-36)40-35(38)30-28-26-24-22-20-18-16-14-12-10-8-6-4-2/h33,36H,3-32H2,1-2H3",20.68079948425293
"InChI=1S/C6H15N/c1-4-7(5-2)6-3/h4-6H2,1-3H3",35.79163360595703
"InChI=1S/C6H13NO2/c1-5(6(8)9)7(2,3)4/h5H,1-4H3",78.21784210205078
"InChI=1S/C7H13NO2/c1-8(2)5-3-4-6(8)7(9)10/h6H,3-5H2,1-2H3",85.24183654785156
"InChI=1S/C5H9N3/c6-2-1-5-3-7-4-8-5/h3-4H,1-2,6H2,(H,7,8)",88.65752410888672
"InChI=1S/C10H18N4O6/c11-5(8(17)18)2-1-3-13-10(12)14-6(9(19)20)4-7(15)16/h5-6H,1-4,11H2,(H,15,16)(H,17,18)(H,19,20)(H3,12,13,14)",164.85472106933594
"InChI=1S/C41H74NO7P/c1-3-5-7-9-11-13-15-17-19-20-21-22-24-26-28-30-32-34-41(43)49-40(39-48-50(44,45)47-37-35-42)38-46-36-33-31-29-27-25-23-18-16-14-12-10-8-6-4-2/h11,13,17,19,21-22,26,28,33,36,40H,3-10,12,14-16,18,20,23-25,27,29-32,34-35,37-39,42H2,1-2H3,(H,44,45)",50.60881423950195
"InChI=1S/C17H27N5O4/c1-3-10(2)14(17(25)26)22-16(24)13(7-11-8-18-9-20-11)21-15(23)12-5-4-6-19-12/h8-10,12-14,19H,3-7H2,1-2H3,(H,18,20)(H,21,23)(H,22,24)(H,25,26)",125.98393249511719
"InChI=1S/C10H14N2/c1-12-7-3-5-10(12)9-4-2-6-11-8-9/h2,4,6,8,10H,3,5,7H2,1H3",51.9898567199707
"InChI=1S/C3H9NO3S/c1-4-2-3-8(5,6)7/h4H,2-3H2,1H3,(H,5,6,7)",99.48770904541016
"InChI=1S/C41H78NO8P/c1-6-8-10-12-14-16-18-20-21-22-24-26-28-30-32-34-41(44)50-39(38-49-51(45,46)48-36-35-42(3,4)5)37-47-40(43)33-31-29-27-25-23-19-17-15-13-11-9-7-2/h14,16,20-21,39H,6-13,15,17-19,22-38H2,1-5H3/b16-14-,21-20-/t39-/m1/s1",52.35072326660156
"InChI=1S/C12H26O4S/c1-2-3-4-5-6-7-8-9-10-11-12-16-17(13,14)15/h2-12H2,1H3,(H,13,14,15)",15.616127014160156
"InChI=1S/C13H22N4O3S/c1-14-13(9-17(18)19)15-6-7-21-10-12-5-4-11(20-12)8-16(2)3/h4-5,9,14-15H,6-8,10H2,1-3H3",83.20108795166016
"InChI=1S/C19H19N/c1-20-14-6-11-19-17-9-4-2-7-15(17)12-13-16-8-3-5-10-18(16)19/h2-5,7-13,20H,6,14H2,1H3",24.51556396484375
"InChI=1S/C24H38O7S/c1-14(4-7-21(26)27)17-5-6-18-22-19(9-11-24(17,18)3)23(2)10-8-16(31-32(28,29)30)12-15(23)13-20(22)25/h14-19,22H,4-13H2,1-3H3,(H,26,27)(H,28,29,30)",33.85496139526367
"InChI=1S/C6H6O2/c7-5-3-1-2-4-6(5)8/h1-4,7-8H",35.80818176269531
"InChI=1S/C6H10N2O5/c7-2-4(9)8-3(6(12)13)1-5(10)11/h3H,1-2,7H2,(H,8,9)(H,10,11)(H,12,13)",117.93019104003906
"InChI=1S/C42H78NO8P/c1-6-8-10-12-14-16-18-20-21-23-25-27-29-31-33-35-42(45)51-40(39-50-52(46,47)49-37-36-43(3,4)5)38-48-41(44)34-32-30-28-26-24-22-19-17-15-13-11-9-7-2/h8,10,14,16,20-21,40H,6-7,9,11-13,15,17-19,22-39H2,1-5H3/b10-8-,16-14-,21-20-/t40-/m1/s1",51.56196594238281
"InChI=1S/C6H12O4/c1-5(6(7)8)10-4-3-9-2/h5H,3-4H2,1-2H3,(H,7,8)",35.82118225097656
"InChI=1S/C2HF3O2/c3-2(4,5)1(6)7/h(H,6,7)",47.56041717529297
"InChI=1S/C24H38O4/c1-14(4-9-22(27)28)18-7-8-19-17-6-5-15-12-16(25)10-11-23(15,2)20(17)13-21(26)24(18,19)3/h14-15,17-21,26H,4-13H2,1-3H3,(H,27,28)",21.51529884338379
"InChI=1S/C5H10O6/c6-1-2(7)3(8)4(9)5(10)11/h2-4,6-9H,1H2,(H,10,11)",114.66785430908203
"InChI=1S/C41H74NO8P/c1-3-5-7-9-11-13-15-17-18-19-20-22-24-26-28-30-32-34-41(44)50-39(38-49-51(45,46)48-36-35-42)37-47-40(43)33-31-29-27-25-23-21-16-14-12-10-8-6-4-2/h11,13,17-18,20,22,26,28,39H,3-10,12,14-16,19,21,23-25,27,29-38,42H2,1-2H3,(H,45,46)",54.27525329589844
"InChI=1S/C16H29N3O4/c1-9(2)8-11(16(22)23)18-14(20)12-6-5-7-19(12)15(21)13(17)10(3)4/h9-13H,5-8,17H2,1-4H3,(H,18,20)(H,22,23)",100.2416763305664
"InChI=1S/C44H82NO8P/c1-6-8-10-12-14-16-18-20-21-22-23-25-27-29-31-33-35-37-44(47)53-42(41-52-54(48,49)51-39-38-45(3,4)5)40-50-43(46)36-34-32-30-28-26-24-19-17-15-13-11-9-7-2/h14,16,20-21,23,25,42H,6-13,15,17-19,22,24,26-41H2,1-5H3/b16-14+,21-20+,25-23+/t42-/m1/s1",48.97329330444336
"InChI=1S/C38H75O10P/c1-3-5-7-9-11-13-15-17-19-21-23-25-27-29-37(41)45-33-36(34-47-49(43,44)46-32-35(40)31-39)48-38(42)30-28-26-24-22-20-18-16-14-12-10-8-6-4-2/h35-36,39-40H,3-34H2,1-2H3,(H,43,44)",44.74622344970703
"InChI=1S/C3H9O6P/c4-1-3(5)2-9-10(6,7)8/h3-5H,1-2H2,(H2,6,7,8)",94.41468811035156
"InChI=1S/C8H9NO3/c1-5-8(12)7(4-11)6(3-10)2-9-5/h2,4,10,12H,3H2,1H3",27.253782272338867
"InChI=1S/C44H84NO8P/c1-6-8-10-12-14-16-18-20-22-24-26-28-30-32-34-36-43(46)50-40-42(41-52-54(48,49)51-39-38-45(3,4)5)53-44(47)37-35-33-31-29-27-25-23-21-19-17-15-13-11-9-7-2/h15,17,21,23,42H,6-14,16,18-20,22,24-41H2,1-5H3",50.52252960205078
"InChI=1S/C6H12O6/c7-1-2-3(8)4(9)5(10)6(11)12-2/h2-11H,1H2",86.0653305053711
"InChI=1S/C24H40O8S/c1-13(4-7-21(27)28)16-5-6-17-22-18(12-20(26)24(16,17)3)23(2)9-8-15(25)10-14(23)11-19(22)32-33(29,30)31/h13-20,22,25-26H,4-12H2,1-3H3,(H,27,28)(H,29,30,31)",68.44915008544922
"InChI=1S/C46H84NO7P/c1-6-8-10-12-14-16-18-20-22-24-25-27-29-31-33-35-37-39-46(48)54-45(44-53-55(49,50)52-42-40-47(3,4)5)43-51-41-38-36-34-32-30-28-26-23-21-19-17-15-13-11-9-7-2/h14,16,20,22,25,27,31,33,38,41,45H,6-13,15,17-19,21,23-24,26,28-30,32,34-37,39-40,42-44H2,1-5H3",45.222259521484375
"InChI=1S/C5H9NO/c1-6-4-2-3-5(6)7/h2-4H2,1H3",8.414007186889648
"InChI=1S/C17H31NO4/c1-5-6-7-8-9-10-11-12-17(21)22-15(13-16(19)20)14-18(2,3)4/h9-10,15H,5-8,11-14H2,1-4H3/p+1",69.45433807373047
"InChI=1S/C20H39NO/c1-3-5-6-7-8-9-10-11-12-13-14-15-16-17-18-19-20(22)21-4-2/h11-12H,3-10,13-19H2,1-2H3,(H,21,22)",11.780732154846191
"InChI=1S/C5H6O4/c1-3(5(8)9)2-4(6)7/h1-2H2,(H,6,7)(H,8,9)",57.442100524902344
"InChI=1S/C6H14N2O2/c7-4-2-1-3-5(8)6(9)10/h5H,1-4,7-8H2,(H,9,10)",112.63770294189453
"InChI=1S/C10H15NO/c1-8(11-2)10(12)9-6-4-3-5-7-9/h3-8,10-12H,1-2H3",48.942291259765625
"InChI=1S/C17H19N3O4S/c1-10-8-18-15(11(2)16(10)24-4)9-25(21,22)17-19-13-6-5-12(23-3)7-14(13)20-17/h5-8H,9H2,1-4H3,(H,19,20)",15.31463623046875
InChI=1S/C4H12N2/c5-3-1-2-4-6/h1-6H2,104.70642852783203
"InChI=1S/C23H45NO4/c1-5-6-7-8-9-10-11-12-13-14-15-16-17-18-23(27)28-21(19-22(25)26)20-24(2,3)4/h21H,5-20H2,1-4H3",60.04618835449219
"InChI=1S/C12H22O11/c13-1-4(16)7(18)11(5(17)2-14)23-12-10(21)9(20)8(19)6(3-15)22-12/h1,4-12,14-21H,2-3H2",119.83428192138672
"InChI=1S/C44H78NO8P/c1-6-8-10-12-14-16-18-20-21-22-23-25-27-29-31-33-35-37-44(47)53-42(41-52-54(48,49)51-39-38-45(3,4)5)40-50-43(46)36-34-32-30-28-26-24-19-17-15-13-11-9-7-2/h8,10,14,16,20-21,23,25,29,31,42H,6-7,9,11-13,15,17-19,22,24,26-28,30,32-41H2,1-5H3",51.905677795410156
"InChI=1S/C7H6O2/c8-5-6-2-1-3-7(9)4-6/h1-5,9H",6.624433517456055
"InChI=1S/C8H19O4P/c1-7(2,3)11-13(9,10)12-8(4,5)6/h1-6H3,(H,9,10)",9.218862533569336
"InChI=1S/C33H64NO9P/c1-5-6-7-8-9-10-11-12-13-14-15-18-21-24-32(36)40-29-31(30-42-44(38,39)41-28-26-34(2,3)4)43-33(37)25-22-19-16-17-20-23-27-35/h27,31H,5-26,28-30H2,1-4H3/t31-/m1/s1",61.58863830566406
"InChI=1S/C48H88NO8P/c1-6-8-10-12-14-16-18-20-22-23-24-25-27-29-31-33-35-37-39-41-48(51)57-46(45-56-58(52,53)55-43-42-49(3,4)5)44-54-47(50)40-38-36-34-32-30-28-26-21-19-17-15-13-11-9-7-2/h14,16,20,22,24-25,29,31,46H,6-13,15,17-19,21,23,26-28,30,32-45H2,1-5H3/b16-14-,22-20-,25-24-,31-29-/t46-/m1/s1",44.36593246459961
"InChI=1S/C6H10O6/c7-1-2(8)5-3(9)4(10)6(11)12-5/h2-5,7-10H,1H2",69.23220825195312
"InChI=1S/C7H16N2O2/c1-9-5-3-2-4-6(8)7(10)11/h6,9H,2-5,8H2,1H3,(H,10,11)",110.42203521728516
"InChI=1S/C6H6N2O2/c7-5-1-4(6(9)10)2-8-3-5/h1-3H,7H2,(H,9,10)",75.48018646240234
"InChI=1S/C44H84NO7P/c1-6-8-10-12-14-16-18-20-22-23-24-25-27-29-31-33-35-37-44(46)52-43(42-51-53(47,48)50-40-38-45(3,4)5)41-49-39-36-34-32-30-28-26-21-19-17-15-13-11-9-7-2/h14,16,20,22,24-25,43H,6-13,15,17-19,21,23,26-42H2,1-5H3",46.683536529541016
"InChI=1S/C11H17N2/c1-13(2)8-4-6-11(13)10-5-3-7-12-9-10/h3,5,7,9,11H,4,6,8H2,1-2H3/q+1",84.07106018066406
"InChI=1S/H3O4P/c1-5(2,3)4/h(H3,1,2,3,4)",56.391387939453125
"InChI=1S/C24H38O5/c1-13(4-7-21(28)29)16-5-6-17-22-18(12-20(27)24(16,17)3)23(2)9-8-15(25)10-14(23)11-19(22)26/h11,13,15-20,22,25-27H,4-10,12H2,1-3H3,(H,28,29)",43.22627258300781
"InChI=1S/C7H15NO/c1-6(9)7-4-2-3-5-8-7/h6-9H,2-5H2,1H3",73.96395111083984
"InChI=1S/C3H8O4S/c4-2-1-3-8(5,6)7/h4H,1-3H2,(H,5,6,7)",63.01560592651367
"InChI=1S/C6H7N5O/c1-11-5(12)3-4(9-2-8-3)10-6(11)7/h2H,1H3,(H2,7,10)(H,8,9)",59.33478546142578
"InChI=1S/C45H82NO8P/c1-6-8-10-12-14-16-18-20-22-23-24-26-28-30-32-34-36-38-45(48)54-43(42-53-55(49,50)52-40-39-46(3,4)5)41-51-44(47)37-35-33-31-29-27-25-21-19-17-15-13-11-9-7-2/h14,16,20,22,24,26,30,32,43H,6-13,15,17-19,21,23,25,27-29,31,33-42H2,1-5H3/b16-14-,22-20-,26-24-,32-30-/t43-/m1/s1",48.20995330810547
"InChI=1S/C46H84NO8P/c1-6-8-10-12-14-16-18-20-22-23-25-27-29-31-33-35-37-39-46(49)55-44(43-54-56(50,51)53-41-40-47(3,4)5)42-52-45(48)38-36-34-32-30-28-26-24-21-19-17-15-13-11-9-7-2/h8,10,14,16,20,22,25,27,44H,6-7,9,11-13,15,17-19,21,23-24,26,28-43H2,1-5H3",48.89512634277344
"InChI=1S/C21H42O4/c1-2-3-4-5-6-7-8-9-10-11-12-13-14-15-16-17-21(24)25-19-20(23)18-22/h20,22-23H,2-19H2,1H3",15.228039741516113
"InChI=1S/C8H17N5O3/c9-4-6(14)13-5(7(15)16)2-1-3-12-8(10)11/h5H,1-4,9H2,(H,13,14)(H,15,16)(H4,10,11,12)",124.02628326416016
"InChI=1S/C7H14O8/c8-1-2(9)3(10)4(11)5(12)6(13)7(14)15/h2-6,8-13H,1H2,(H,14,15)",153.84695434570312
"InChI=1S/C5H10N2O2/c8-5(9)4-3-6-1-2-7-4/h4,6-7H,1-3H2,(H,8,9)",116.28031158447266
"InChI=1S/C7H10N2O2/c1-9-6(4-5-8-9)2-3-7(10)11/h4-5H,2-3H2,1H3,(H,10,11)",49.46759796142578
"InChI=1S/C11H18N2O4/c1-6(2)5-8-11(17)12-7(10(16)13-8)3-4-9(14)15/h6-8H,3-5H2,1-2H3,(H,12,17)(H,13,16)(H,14,15)",57.80339813232422
"InChI=1S/C44H84NO8P/c1-6-8-10-12-14-16-18-20-22-24-26-28-30-32-34-36-43(46)50-40-42(41-52-54(48,49)51-39-38-45(3,4)5)53-44(47)37-35-33-31-29-27-25-23-21-19-17-15-13-11-9-7-2/h20-23,42H,6-19,24-41H2,1-5H3",50.54132843017578
"InChI=1S/C6H12O6/c7-2-6(11)5(10)4(9)3(8)1-12-6/h3-5,7-11H,1-2H2",116.82466888427734
"InChI=1S/C46H78NO10P/c1-3-5-7-9-11-13-15-17-19-20-21-22-24-26-28-30-32-34-36-38-45(49)57-42(40-55-58(52,53)56-41-43(47)46(50)51)39-54-44(48)37-35-33-31-29-27-25-23-18-16-14-12-10-8-6-4-2/h5,7,11,13,17,19,21-22,26,28,32,34,42-43H,3-4,6,8-10,12,14-16,18,20,23-25,27,29-31,33,35-41,47H2,1-2H3,(H,50,51)(H,52,53)/b7-5-,13-11-,19-17-,22-21-,28-26-,34-32-/t42-,43+/m1/s1",67.79739379882812
"InChI=1S/C10H16N2O3/c13-9(7-3-1-5-11-7)12-6-2-4-8(12)10(14)15/h7-8,11H,1-6H2,(H,14,15)",103.39077758789062
"InChI=1S/C8H10ClN5/c9-5-1-3-6(4-2-5)13-8(12)14-7(10)11/h1-4H,(H6,10,11,12,13,14)",63.280296325683594
"InChI=1S/C7H5NS2/c9-7-8-5-3-1-2-4-6(5)10-7/h1-4H,(H,8,9)",5.497458457946777
"InChI=1S/C13H8O3/c14-8-5-6-10-9-3-1-2-4-11(9)13(15)16-12(10)7-8/h1-7,14H",10.15345573425293
"InChI=1S/C5H8O5/c6-3(5(9)10)1-2-4(7)8/h3,6H,1-2H2,(H,7,8)(H,9,10)",62.177703857421875
"InChI=1S/C6H10O7/c7-1-2(8)4(5(10)11)13-6(12)3(1)9/h1-4,6-9,12H,(H,10,11)",130.2432403564453
"InChI=1S/C16H22O4/c1-3-5-8-12(4-2)11-20-16(19)14-10-7-6-9-13(14)15(17)18/h6-7,9-10,12H,3-5,8,11H2,1-2H3,(H,17,18)",13.370311737060547
"InChI=1S/C44H86NO8P/c1-6-8-10-12-14-16-18-20-22-24-26-28-30-32-34-36-43(46)50-40-42(41-52-54(48,49)51-39-38-45(3,4)5)53-44(47)37-35-33-31-29-27-25-23-21-19-17-15-13-11-9-7-2/h21,23,42H,6-20,22,24-41H2,1-5H3/b23-21-/t42-/m1/s1",48.11372375488281
"InChI=1S/C8H18O3S/c1-2-3-4-5-6-7-8-12(9,10)11/h2-8H2,1H3,(H,9,10,11)",27.515392303466797
"InChI=1S/C25H49NO4/c1-5-6-7-8-9-10-11-12-13-14-15-16-17-18-19-20-25(29)30-23(21-24(27)28)22-26(2,3)4/h23H,5-22H2,1-4H3",57.737239837646484
"InChI=1S/C4H11NO/c5-3-1-2-4-6/h6H,1-5H2",47.81689453125
"InChI=1S/C6H6O4S/c7-11(8,9)10-6-4-2-1-3-5-6/h1-5H,(H,7,8,9)",13.808404922485352
"InChI=1S/C6H12O7/c7-1-2(8)3(9)4(10)5(11)6(12)13/h2-5,7-11H,1H2,(H,12,13)",134.2421875
"InChI=1S/C18H39NO2/c1-2-3-4-5-6-7-8-9-10-11-12-13-14-15-18(21)17(19)16-20/h17-18,20-21H,2-16,19H2,1H3",57.466617584228516
"InChI=1S/C23H41NO4/c1-5-6-7-8-9-10-11-12-13-14-15-16-17-18-23(27)28-21(19-22(25)26)20-24(2,3)4/h12-13,15-16,21H,5-11,14,17-20H2,1-4H3/p+1",62.185630798339844
"InChI=1S/C6H6O7/c7-2-1-6(12,5(10)11)3(13-2)4(8)9/h3,12H,1H2,(H,8,9)(H,10,11)",81.57999420166016
"InChI=1S/C16H31NO4/c1-5-6-7-8-9-10-11-16(20)21-14(12-15(18)19)13-17(2,3)4/h14H,5-13H2,1-4H3/p+1",70.3537368774414
"InChI=1S/C43H78NO7P/c1-3-5-7-9-11-13-15-17-19-21-22-24-26-28-30-32-34-36-43(45)51-42(41-50-52(46,47)49-39-37-44)40-48-38-35-33-31-29-27-25-23-20-18-16-14-12-10-8-6-4-2/h11,13,17,19,22,24,28,30,35,38,42H,3-10,12,14-16,18,20-21,23,25-27,29,31-34,36-37,39-41,44H2,1-2H3,(H,46,47)",48.07542037963867
"InChI=1S/C39H74NO8P/c1-3-5-7-9-11-13-15-17-18-20-21-23-25-27-29-31-38(41)45-35-37(36-47-49(43,44)46-34-33-40)48-39(42)32-30-28-26-24-22-19-16-14-12-10-8-6-4-2/h11,13,17-18,37H,3-10,12,14-16,19-36,40H2,1-2H3,(H,43,44)",55.89842224121094
"InChI=1S/C14H11NO/c16-14-12-6-2-1-4-10(12)7-8-11-5-3-9-15-13(11)14/h1-6,9H,7-8H2",10.485156059265137
"InChI=1S/C44H86NO7P/c1-6-8-10-12-14-16-18-20-22-24-26-28-30-32-34-36-39-49-41-43(42-51-53(47,48)50-40-38-45(3,4)5)52-44(46)37-35-33-31-29-27-25-23-21-19-17-15-13-11-9-7-2/h21,23,36,39,43H,6-20,22,24-35,37-38,40-42H2,1-5H3",46.417545318603516
"InChI=1S/C5H8O4/c1-3(5(8)9)2-4(6)7/h3H,2H2,1H3,(H,6,7)(H,8,9)",42.21542739868164
"InChI=1S/C27H45NO4/c1-5-6-7-8-9-10-11-12-13-14-15-16-17-18-19-20-21-22-27(31)32-25(23-26(29)30)24-28(2,3)4/h9-10,12-13,15-16,18-19,25H,5-8,11,14,17,20-24H2,1-4H3",56.91986846923828
"InChI=1S/C3H4O4/c4-2(5)1-3(6)7/h1H2,(H,4,5)(H,6,7)",60.21954345703125
"InChI=1S/C22H28O3/c1-20-9-5-15(23)13-14(20)3-4-16-17(20)6-10-21(2)18(16)7-11-22(21)12-8-19(24)25-22/h3-4,13,16-18H,5-12H2,1-2H3",16.958406448364258
"InChI=1S/C8H16N2O4/c1-4(2)6(9)7(12)10-5(3-11)8(13)14/h4-6,11H,3,9H2,1-2H3,(H,10,12)(H,13,14)",132.14913940429688
"InChI=1S/C5H11NO4S/c1-5(7)6-3-2-4-11(8,9)10/h2-4H2,1H3,(H,6,7)(H,8,9,10)",76.56061553955078
"InChI=1S/C12H17N4O4PS/c1-8-11(3-4-20-21(17,18)19)22-7-16(8)6-10-5-14-9(2)15-12(10)13/h5,7H,3-4,6H2,1-2H3,(H3-,13,14,15,17,18,19)",110.00267791748047
"InChI=1S/C10H15NO2S/c1-2-3-9-11-14(12,13)10-7-5-4-6-8-10/h4-8,11H,2-3,9H2,1H3",7.542972087860107
"InChI=1S/C18H30O3/c1-2-3-4-5-6-8-11-14-17(19)15-12-9-7-10-13-16-18(20)21/h6,8,11,14H,2-5,7,9-10,12-13,15-16H2,1H3,(H,20,21)",11.348814010620117
"InChI=1S/C9H19N5O3/c1-5(8(16)17)14-7(15)6(10)3-2-4-13-9(11)12/h5-6H,2-4,10H2,1H3,(H,14,15)(H,16,17)(H4,11,12,13)",143.604736328125
"InChI=1S/C6H6O6/c7-1-2(8)5-3(9)4(10)6(11)12-5/h2,5,7-8H,1H2",36.9878044128418
"InChI=1S/C6H15NO2/c1-7(2)3-5-9-6-4-8/h8H,3-6H2,1-2H3",56.19267272949219
"InChI=1S/C3H6O4/c4-1-2(5)3(6)7/h2,4-5H,1H2,(H,6,7)",78.22554779052734
"InChI=1S/C43H78NO8P/c1-6-8-10-12-14-16-18-20-21-22-23-24-26-28-30-32-34-36-43(46)52-41(40-51-53(47,48)50-38-37-44(3,4)5)39-49-42(45)35-33-31-29-27-25-19-17-15-13-11-9-7-2/h14,16,20-21,23-24,28,30,41H,6-13,15,17-19,22,25-27,29,31-40H2,1-5H3/b16-14-,21-20-,24-23-,30-28-/t41-/m1/s1",50.74335479736328
"InChI=1S/C25H47NO5/c1-5-6-7-8-9-10-11-12-13-14-15-16-17-18-22(27)19-25(30)31-23(20-24(28)29)21-26(2,3)4/h12-13,22-23,27H,5-11,14-21H2,1-4H3",68.20909118652344
"InChI=1S/C43H82NO8P/c1-6-8-10-12-14-16-18-20-21-22-23-24-26-27-29-31-33-35-42(45)49-39-41(40-51-53(47,48)50-38-37-44(3,4)5)52-43(46)36-34-32-30-28-25-19-17-15-13-11-9-7-2/h14,16,20-21,41H,6-13,15,17-19,22-40H2,1-5H3/b16-14-,21-20-/t41-/m1/s1",49.81730270385742
"InChI=1S/C12H20N2O3/c1-14(2)8-4-6-10(14)11(15)13-7-3-5-9(13)12(16)17/h9-10H,3-8H2,1-2H3/p+1",90.67930603027344
"InChI=1S/C6H11NO3S/c1-11-3-2-5(6(9)10)7-4-8/h4-5H,2-3H2,1H3,(H,7,8)(H,9,10)",56.720252990722656
"InChI=1S/C6H8N2O2/c1-8-4-7-3-5(8)2-6(9)10/h3-4H,2H2,1H3,(H,9,10)",68.08575439453125
"InChI=1S/C10H23N3O3/c11-5-4-8(14)7-13-6-2-1-3-9(12)10(15)16/h8-9,13-14H,1-7,11-12H2,(H,15,16)",175.79147338867188
"InChI=1S/C5H6N2O2/c8-5(9)1-4-2-6-3-7-4/h2-3H,1H2,(H,6,7)(H,8,9)",70.7959213256836
"InChI=1S/C19H38N2O3/c1-4-5-6-7-8-9-10-11-12-14-18(22)20-15-13-16-21(2,3)17-19(23)24/h4-17H2,1-3H3,(H-,20,22,23,24)/p+1",71.0868911743164
"InChI=1S/C4H6O4/c5-3(6)1-2-4(7)8/h1-2H2,(H,5,6)(H,7,8)",42.024410247802734
"InChI=1S/C9H15N3O4/c10-5(4-7(11)13)8(14)12-3-1-2-6(12)9(15)16/h5-6H,1-4,10H2,(H2,11,13)(H,15,16)",139.178955078125
"InChI=1S/C11H11NO3/c13-10(11(14)15)5-7-6-12-9-4-2-1-3-8(7)9/h1-4,6,10,12-13H,5H2,(H,14,15)",44.18627166748047
"InChI=1S/C11H12O8S/c1-17-8-5-7(3-4-10(12)13)6-9(18-2)11(8)19-20(14,15)16/h3-6H,1-2H3,(H,12,13)(H,14,15,16)",35.31732940673828
"InChI=1S/C36H58O13S/c1-19-9-14-36(30(42)49-29-27(41)26(40)25(39)21(17-37)48-29)16-15-33(4)20(28(36)35(19,6)43)7-8-23-31(2)12-11-24(38)32(3,18-47-50(44,45)46)22(31)10-13-34(23,33)5/h7,19,21-29,37-41,43H,8-18H2,1-6H3,(H,44,45,46)",72.84168243408203
"InChI=1S/C35H64O4/c1-3-5-7-9-11-13-15-17-19-21-23-25-27-29-31-38-33-34(32-36)39-35(37)30-28-26-24-22-20-18-16-14-12-10-8-6-4-2/h5,7,11,13,17,19,34,36H,3-4,6,8-10,12,14-16,18,20-33H2,1-2H3/b7-5-,13-11-,19-17-",20.426725387573242
"InChI=1S/C6H5NO2/c8-6(9)5-2-1-3-7-4-5/h1-4H,(H,8,9)",50.64678955078125
"InChI=1S/C9H13N5O3/c1-3(15)6(16)4-2-11-7-5(12-4)8(17)14-9(10)13-7/h3,6,15-16H,2H2,1H3,(H4,10,11,13,14,17)",95.50824737548828
"InChI=1S/C10H16N2O6S2/c1-5(13)11-7(9(15)16)3-19-20-4-8(10(17)18)12-6(2)14/h7-8H,3-4H2,1-2H3,(H,11,13)(H,12,14)(H,15,16)(H,17,18)",135.05145263671875
"InChI=1S/C5H5NO/c7-5-2-1-3-6-4-5/h1-4,7H",44.916378021240234
"InChI=1S/C7H6O3/c8-6-4-2-1-3-5(6)7(9)10/h1-4,8H,(H,9,10)",21.08588218688965
"InChI=1S/C21H41NO4/c1-5-6-7-8-9-10-11-12-13-14-15-16-21(25)26-19(17-20(23)24)18-22(2,3)4/h19H,5-18H2,1-4H3",62.35511779785156
"InChI=1S/C5H8O4/c6-4(7)2-1-3-5(8)9/h1-3H2,(H,6,7)(H,8,9)",34.051780700683594
"InChI=1S/C14H24O8/c1-3-5-7(6-4-2)13(20)22-14-10(17)8(15)9(16)11(21-14)12(18)19/h7-11,14-17H,3-6H2,1-2H3,(H,18,19)",75.99761962890625
"InChI=1S/C7H6O3/c8-6-3-1-2-5(4-6)7(9)10/h1-4,8H,(H,9,10)",30.361379623413086
"InChI=1S/C40H77O10P/c1-3-5-7-9-11-13-15-17-18-20-22-24-26-28-30-32-40(44)50-38(36-49-51(45,46)48-34-37(42)33-41)35-47-39(43)31-29-27-25-23-21-19-16-14-12-10-8-6-4-2/h17-18,37-38,41-42H,3-16,19-36H2,1-2H3,(H,45,46)",42.65894317626953
"InChI=1S/C22H42N4O8S2/c1-21(2,13-27)17(31)19(33)25-7-5-15(29)23-9-11-35-36-12-10-24-16(30)6-8-26-20(34)18(32)22(3,4)14-28/h17-18,27-28,31-32H,5-14H2,1-4H3,(H,23,29)(H,24,30)(H,25,33)(H,26,34)",64.08431243896484
"InChI=1S/C5H12NO/c1-6(2,3)4-5-7/h5H,4H2,1-3H3/q+1",67.9888916015625
"InChI=1S/C33H42N4O6/c1-7-20-19(6)32(42)37-27(20)14-25-18(5)23(10-12-31(40)41)29(35-25)15-28-22(9-11-30(38)39)17(4)24(34-28)13-26-16(3)21(8-2)33(43)36-26/h15,26-27,35H,7-14H2,1-6H3,(H,36,43)(H,37,42)(H,38,39)(H,40,41)",63.81153869628906
"InChI=1S/C43H74NO8P/c1-3-5-7-9-11-13-15-17-18-19-20-21-22-24-26-28-30-32-34-36-43(46)52-41(40-51-53(47,48)50-38-37-44)39-49-42(45)35-33-31-29-27-25-23-16-14-12-10-8-6-4-2/h5,7,11,13,17-18,20-21,24,26,30,32,41H,3-4,6,8-10,12,14-16,19,22-23,25,27-29,31,33-40,44H2,1-2H3,(H,47,48)/b7-5-,13-11-,18-17-,21-20-,26-24-,32-30-/t41-/m1/s1",49.961814880371094
"InChI=1S/C16H26O3S/c1-2-3-4-5-6-7-8-9-12-15-13-10-11-14-16(15)20(17,18)19/h10-11,13-14H,2-9,12H2,1H3,(H,17,18,19)",12.023781776428223
"InChI=1S/C48H84NO7P/c1-6-8-10-12-14-16-18-20-22-24-25-26-27-29-31-33-35-37-39-41-48(50)56-47(46-55-57(51,52)54-44-42-49(3,4)5)45-53-43-40-38-36-34-32-30-28-23-21-19-17-15-13-11-9-7-2/h8,10,14,16,20,22,25-26,29,31,35,37,40,43,47H,6-7,9,11-13,15,17-19,21,23-24,27-28,30,32-34,36,38-39,41-42,44-46H2,1-5H3",43.952491760253906
"InChI=1S/C24H40O7S/c1-14(4-9-22(26)27)18-7-8-19-17-6-5-15-12-16(31-32(28,29)30)10-11-23(15,2)20(17)13-21(25)24(18,19)3/h14-21,25H,4-13H2,1-3H3,(H,26,27)(H,28,29,30)",51.08048629760742
"InChI=1S/C7H12N2O6/c8-3(2-10)6(13)9-4(7(14)15)1-5(11)12/h3-4,10H,1-2,8H2,(H,9,13)(H,11,12)(H,14,15)",140.19175720214844
"InChI=1S/C42H82NO7P/c1-6-8-10-12-14-16-18-20-22-23-25-27-29-31-33-35-42(44)50-41(40-49-51(45,46)48-38-36-43(3,4)5)39-47-37-34-32-30-28-26-24-21-19-17-15-13-11-9-7-2/h14,16,20,22,41H,6-13,15,17-19,21,23-40H2,1-5H3",48.785491943359375
"InChI=1S/C14H24O6/c1-9(11(15)7-13(17)18)5-3-4-6-10(2)12(16)8-14(19)20/h3-4,9-12,15-16H,5-8H2,1-2H3,(H,17,18)(H,19,20)",51.98601531982422
"InChI=1S/C48H86NO8P/c1-6-8-10-12-14-16-18-20-22-24-26-28-30-32-34-36-38-40-47(50)54-44-46(45-56-58(52,53)55-43-42-49(3,4)5)57-48(51)41-39-37-35-33-31-29-27-25-23-21-19-17-15-13-11-9-7-2/h9,11,15,17,20-23,27,29,46H,6-8,10,12-14,16,18-19,24-26,28,30-45H2,1-5H3",46.80839538574219
"InChI=1S/C6H7N5/c1-11-3-10-5(7)4-6(11)9-2-8-4/h2-3H,7H2,1H3",32.570106506347656
"InChI=1S/C10H10O7S/c1-16-9-6-7(3-5-10(11)12)2-4-8(9)17-18(13,14)15/h2-6H,1H3,(H,11,12)(H,13,14,15)",31.115699768066406
"InChI=1S/C4H9NO3/c1-8-4(7)3(5)2-6/h3,6H,2,5H2,1H3",90.34574127197266
"InChI=1S/C39H68O5/c1-3-5-7-9-11-13-15-17-19-21-23-25-27-29-31-33-38(41)43-36-37(35-40)44-39(42)34-32-30-28-26-24-22-20-18-16-14-12-10-8-6-4-2/h11-14,17-20,37,40H,3-10,15-16,21-36H2,1-2H3",22.8046932220459
"InChI=1S/C40H76NO8P/c1-6-8-10-12-14-16-18-20-22-24-26-28-30-32-39(42)46-36-38(37-48-50(44,45)47-35-34-41(3,4)5)49-40(43)33-31-29-27-25-23-21-19-17-15-13-11-9-7-2/h16-19,38H,6-15,20-37H2,1-5H3",55.60819625854492
"InChI=1S/C15H29NO4/c1-5-6-7-8-9-10-15(19)20-13(11-14(17)18)12-16(2,3)4/h13H,5-12H2,1-4H3",71.28687286376953
"InChI=1S/C45H78NO8P/c1-6-8-10-12-14-16-18-20-21-22-23-24-25-26-28-30-32-34-36-38-45(48)54-43(42-53-55(49,50)52-40-39-46(3,4)5)41-51-44(47)37-35-33-31-29-27-19-17-15-13-11-9-7-2/h8,10,14,16,20-21,23-24,26,28,32,34,43H,6-7,9,11-13,15,17-19,22,25,27,29-31,33,35-42H2,1-5H3/b10-8-,16-14-,21-20-,24-23-,28-26-,34-32-/t43-/m1/s1",49.487762451171875
"InChI=1S/C17H29NO4/c1-5-6-7-8-9-10-11-12-17(21)22-15(13-16(19)20)14-18(2,3)4/h6-7,9-10,15H,5,8,11-14H2,1-4H3/p+1",70.10601806640625
"InChI=1S/C9H9NO2/c11-8-3-1-2-7-6(8)4-5-9(12)10-7/h1-3,11H,4-5H2,(H,10,12)",27.019168853759766
"InChI=1S/C40H80NO8P/c1-6-8-10-12-14-16-18-20-22-24-26-28-30-32-39(42)46-36-38(37-48-50(44,45)47-35-34-41(3,4)5)49-40(43)33-31-29-27-25-23-21-19-17-15-13-11-9-7-2/h38H,6-37H2,1-5H3",54.716041564941406
"InChI=1S/C9H10O7S/c1-15-8-4-6(5-9(10)11)2-3-7(8)16-17(12,13)14/h2-4H,5H2,1H3,(H,10,11)(H,12,13,14)",38.83712387084961
